{
  "sections": {
    "1626985554485b7627": {
      "type": "slideshow",
      "blocks": {
        "1626985554485b7627-1": {
          "type": "image",
          "settings": {
            "image": "shopify:\/\/shop_images\/des.png",
            "overlay_color": "#000000",
            "overlay_opacity": 19,
            "caption_position": "bottom_left",
            "hide_caption_background": false,
            "heading": "French Oak Flooring",
            "subheading": "<p>Original Footworn Chevron<\/p>",
            "link": "\/collections\/all",
            "button_text": "VIEW COLLECTION",
            "second_link": "shopify:\/\/collections",
            "second_button_text": "",
            "text_color": "#ffffff",
            "button_color": "#ffffff",
            "button_background": "#000000",
            "caption_background": "rgba(0,0,0,0)"
          }
        }
      },
      "block_order": [
        "1626985554485b7627-1"
      ],
      "settings": {
        "display_wide": true,
        "slideshow_size": "fixed_height",
        "desktop_height": 800,
        "mobile_height": 500,
        "caption_below": false,
        "pager": "dots",
        "transition": "fade",
        "slider_speed": 5,
        "video_audio": "off",
        "slide_heading_size": 50,
        "subheading_size": 20,
        "no_bottom_margin": false
      }
    },
    "2ff95c04-e0dc-4b86-8e6a-04a62838053c": {
      "type": "editorial-columns",
      "blocks": {
        "template--18994102927646__2ff95c04-e0dc-4b86-8e6a-04a62838053c-16853958890e251e0a-1": {
          "type": "image_with_text",
          "settings": {
            "title": "Our collections",
            "richtext": "<p>Add text to your image<\/p>",
            "button_text": "Button",
            "link": "",
            "text_align": "a-center",
            "column_size": 2
          }
        },
        "template--18994102927646__2ff95c04-e0dc-4b86-8e6a-04a62838053c-16853958890e251e0a-2": {
          "type": "image_with_text",
          "settings": {
            "title": "Our collections",
            "richtext": "<p>Add text to your image<\/p>",
            "button_text": "Button",
            "link": "",
            "text_align": "a-center",
            "column_size": 2
          }
        },
        "921c9b54-f8ee-4fc5-a1e0-3d857e560f7e": {
          "type": "image_with_text",
          "settings": {
            "title": "Our collections",
            "richtext": "<p>Add text to your image<\/p>",
            "button_text": "Button",
            "link": "",
            "text_align": "a-center",
            "column_size": 2
          }
        }
      },
      "block_order": [
        "template--18994102927646__2ff95c04-e0dc-4b86-8e6a-04a62838053c-16853958890e251e0a-1",
        "template--18994102927646__2ff95c04-e0dc-4b86-8e6a-04a62838053c-16853958890e251e0a-2",
        "921c9b54-f8ee-4fc5-a1e0-3d857e560f7e"
      ],
      "disabled": true,
      "settings": {
        "title": "Spotlight on",
        "rich_text": "<p>Add some editorial columns to your page<\/p>",
        "image_height": 400,
        "mobile_image_height": 400,
        "no_bottom_margin": false,
        "color": "#000000",
        "background": "",
        "padding": 30
      }
    },
    "6c1d2de2-02f3-4ec0-952a-8a18bd4b4444": {
      "type": "collection-list",
      "disabled": true,
      "settings": {
        "title": "Collection list",
        "collection_list": [
          "reclaimed-stone",
          "french-oak",
          "stone"
        ],
        "grid": 3,
        "mobile_single": true,
        "hide_empty": false
      }
    },
    "16269855569eec17a5": {
      "type": "gallery",
      "blocks": {
        "16269855569eec17a5-0": {
          "type": "image",
          "settings": {
            "image": "shopify:\/\/shop_images\/OLDGROWTH2.jpg",
            "title_text": "OLD GROWTH FRENCH OAK",
            "text": "",
            "button_text": "",
            "link": "shopify:\/\/collections\/french-oak",
            "caption_bottom": false,
            "color": "#ffffff",
            "button_text_color": "#ffffff",
            "button_color": "#000000",
            "overlay_color": "#000000",
            "overlay_opacity": 8,
            "column_size": 2
          }
        },
        "16269855569eec17a5-1": {
          "type": "image",
          "settings": {
            "image": "shopify:\/\/shop_images\/TILES_pro.jpg",
            "title_text": "RECLAIMED TERRACOTTA",
            "text": "",
            "button_text": "",
            "link": "\/collections\/all",
            "caption_bottom": false,
            "color": "#ffffff",
            "button_text_color": "#ffffff",
            "button_color": "#000000",
            "overlay_color": "#000000",
            "overlay_opacity": 11,
            "column_size": 2
          }
        },
        "16269855569eec17a5-2": {
          "type": "image",
          "settings": {
            "image": "shopify:\/\/shop_images\/STONE_1.jpg",
            "title_text": "EUROPEAN STONE",
            "text": "",
            "button_text": "",
            "link": "shopify:\/\/products\/french-oak-table",
            "caption_bottom": false,
            "color": "#ffffff",
            "button_text_color": "#ffffff",
            "button_color": "#000000",
            "overlay_color": "#000000",
            "overlay_opacity": 20,
            "column_size": 2
          }
        },
        "74cf842f-3308-4097-8730-4279d09560a6": {
          "type": "image",
          "settings": {
            "image": "shopify:\/\/shop_images\/FLOORBOARDS_pro.jpg",
            "title_text": "RECLAIMED  FRENCH OAK",
            "text": "",
            "button_text": "",
            "link": "",
            "caption_bottom": false,
            "color": "#ffffff",
            "button_text_color": "#ffffff",
            "button_color": "#000000",
            "overlay_color": "#000000",
            "overlay_opacity": 22,
            "column_size": 2
          }
        },
        "396233ad-b4bc-4ee6-8e64-0e789cdc2fbf": {
          "type": "image",
          "settings": {
            "image": "shopify:\/\/shop_images\/BORGOGNE2_616e3676-2585-48d6-8aaa-d5af8086c304.jpg",
            "title_text": "RECLAIMED STONE",
            "text": "",
            "button_text": "Button",
            "link": "",
            "caption_bottom": false,
            "color": "#ffffff",
            "button_text_color": "#ffffff",
            "button_color": "#000000",
            "overlay_color": "#000000",
            "overlay_opacity": 18,
            "column_size": 2
          }
        },
        "30478b8f-f466-4a66-b92e-8ccab6d2dac7": {
          "type": "image",
          "settings": {
            "image": "shopify:\/\/shop_images\/FLAMED2_pro.jpg",
            "title_text": "BELGIAN BLUESTONE",
            "text": "",
            "button_text": "Button",
            "link": "",
            "caption_bottom": false,
            "color": "#ffffff",
            "button_text_color": "#ffffff",
            "button_color": "#000000",
            "overlay_color": "#000000",
            "overlay_opacity": 18,
            "column_size": 2
          }
        },
        "4b41944c-ce0e-47a6-aca6-2d455a16a5d5": {
          "type": "image",
          "settings": {
            "image": "shopify:\/\/shop_images\/IMG_9639.jpg",
            "title_text": "RECLAIMED BEAMS",
            "text": "",
            "button_text": "Button",
            "link": "",
            "caption_bottom": false,
            "color": "#ffffff",
            "button_text_color": "#ffffff",
            "button_color": "#000000",
            "overlay_color": "#000000",
            "overlay_opacity": 18,
            "column_size": 2
          }
        },
        "e7e57057-1f2c-45c0-97c4-5cea4a033a8c": {
          "type": "image",
          "settings": {
            "image": "shopify:\/\/shop_images\/IMG_0393.heic",
            "title_text": "FRENCH OAK LUMBER",
            "text": "",
            "button_text": "Button",
            "link": "",
            "caption_bottom": false,
            "color": "#ffffff",
            "button_text_color": "#ffffff",
            "button_color": "#000000",
            "overlay_color": "#000000",
            "overlay_opacity": 18,
            "column_size": 2
          }
        },
        "008d3456-8adb-44a5-b2f8-e7e6e6992edc": {
          "type": "image",
          "settings": {
            "image": "shopify:\/\/shop_images\/75FDD258-1901-4A4F-AAB1-BF42FB0E41A5.jpg",
            "title_text": "ARCTHECTUAL ELEMENTS",
            "text": "",
            "button_text": "",
            "link": "shopify:\/\/products\/french-oak-table",
            "caption_bottom": false,
            "color": "#ffffff",
            "button_text_color": "#ffffff",
            "button_color": "#000000",
            "overlay_color": "#000000",
            "overlay_opacity": 25,
            "column_size": 2
          }
        }
      },
      "block_order": [
        "16269855569eec17a5-0",
        "16269855569eec17a5-1",
        "16269855569eec17a5-2",
        "74cf842f-3308-4097-8730-4279d09560a6",
        "396233ad-b4bc-4ee6-8e64-0e789cdc2fbf",
        "30478b8f-f466-4a66-b92e-8ccab6d2dac7",
        "4b41944c-ce0e-47a6-aca6-2d455a16a5d5",
        "e7e57057-1f2c-45c0-97c4-5cea4a033a8c",
        "008d3456-8adb-44a5-b2f8-e7e6e6992edc"
      ],
      "settings": {
        "full_width": false,
        "no_space": false,
        "heading": "Our Collection",
        "mobile_scroll": true,
        "image_height": 400,
        "mobile_image_height": 250,
        "heading_size": 24,
        "text_size": 15
      }
    },
    "1626985717d60f1b9e": {
      "type": "newsletter",
      "disabled": true,
      "settings": {
        "heading": "Subscribe to our newsletter",
        "newsletter_subheading": "<p>Signup to receive news and updates<\/p>",
        "show_social_icons": false,
        "padding": 30,
        "text_color": "#000000",
        "background_color": "#f7f7f7"
      }
    },
    "16269856419b86506c": {
      "type": "image-with-text-overlay",
      "settings": {
        "image": "shopify:\/\/shop_images\/3E16CE99-3BE1-4301-93AF-B56E8A7D22D7_4874b13c-abd8-4cb9-ba6f-4ba2a7e95168.jpg",
        "parallax_scroll": true,
        "page_height": 500,
        "overlay_color": "#393939",
        "overlay_opacity": 0,
        "caption_position": "center",
        "heading": "",
        "subheading": "<p>Speak with our highly skilled team today to learn more about what we can do for you and your project.<\/p>",
        "button_text": "Contact us",
        "button_link": "shopify:\/\/pages\/contact",
        "text_color": "#000000",
        "button_color": "#ffffff",
        "button_background": "#000000",
        "background": "#ffffff",
        "no_bottom_margin": false
      }
    }
  },
  "order": [
    "1626985554485b7627",
    "2ff95c04-e0dc-4b86-8e6a-04a62838053c",
    "6c1d2de2-02f3-4ec0-952a-8a18bd4b4444",
    "16269855569eec17a5",
    "1626985717d60f1b9e",
    "16269856419b86506c"
  ]
}
