{
  "sections": {
    "banner_image_nYM4pd": {
      "type": "banner-image",
      "settings": {
        "image": "shopify:\/\/shop_images\/Original_Image-our-story.webp",
        "heading": "Our Story",
        "content": "<p>Lorem Ipsum is simply dummy text of the printing and typesetting industry. Lorem Ipsum has been the industry's standard dummy text ever since the 1500s, when an unknown printer took a galley of type and scrambled it to make a type specimen book. It has survived not only five centuries, but also the leap into electronic typesetting, remaining essentially unchanged.<\/p>"
      }
    },
    "banner-header": {
      "type": "banner-header",
      "disabled": true,
      "settings": {
        "image_height": 400,
        "parallax_scroll": false,
        "heading": "MEET THE TEAM",
        "float_header": false,
        "center_heading": true
      }
    },
    "ae3c7a73-7544-4597-830e-05ee2c704f5c": {
      "type": "image-with-text",
      "blocks": {
        "template--19133072343326__ae3c7a73-7544-4597-830e-05ee2c704f5c-1685057957910d9ac7-1": {
          "type": "image",
          "settings": {
            "image": "shopify:\/\/shop_images\/B6ECF07C-A7AB-4385-A8D8-7C4D412B1DB4.jpg"
          }
        }
      },
      "block_order": [
        "template--19133072343326__ae3c7a73-7544-4597-830e-05ee2c704f5c-1685057957910d9ac7-1"
      ],
      "disabled": true,
      "settings": {
        "layout": "left",
        "main_heading": "Our Story",
        "image_width": "50%",
        "text_align": "left",
        "title": "",
        "text": "<p>Lorem Ipsum is simply dummy text of the printing and typesetting industry. Lorem Ipsum has been the industry's standard dummy text ever since the 1500s, when an unknown printer took a galley of type and scrambled it to make a type specimen book. It has survived not only five centuries, but also the leap into electronic typesetting, remaining essentially unchanged.<\/p><p>It was popularised in the 1960s with the release of Letraset sheets containing Lorem Ipsum passages, and more recently with desktop publishing software like Aldus PageMaker including versions of Lorem Ipsum.<\/p><p>It is a long established fact that a reader will be distracted by the readable content of a page when looking at its layout. The point of using Lorem Ipsum is that it has a more-or-less normal distribution of letters, as opposed to using 'Content here, content here', making it look like readable English. Many desktop publishing packages and web page editors now use Lorem Ipsum as their default model text, and a search for 'lorem ipsum' will uncover many web sites still in their infancy. Various versions have evolved over the years, sometimes by accident, sometimes on purpose (injected humour and the like).<\/p>",
        "link": "",
        "button": "",
        "color": "#000000",
        "background": "#ffffff",
        "no_bottom_margin": false
      }
    },
    "61fc4a13-7075-4145-bd65-af8837521b1a": {
      "type": "slideshow",
      "blocks": {
        "template--19133072343326__61fc4a13-7075-4145-bd65-af8837521b1a-16850573680fd811c0-0": {
          "type": "image",
          "settings": {
            "image": "shopify:\/\/shop_images\/FBACF212-F513-40D1-92A5-150A0D0DBF2E.jpg",
            "overlay_color": "#000000",
            "overlay_opacity": 35,
            "caption_position": "middle_center",
            "hide_caption_background": false,
            "heading": "FROM THE SOURCE",
            "subheading": "",
            "link": "",
            "button_text": "Add a button",
            "second_link": "",
            "second_button_text": "Button 2 text",
            "text_color": "#ffffff",
            "button_color": "#ffffff",
            "button_background": "#000000",
            "caption_background": "rgba(0,0,0,0)"
          }
        }
      },
      "block_order": [
        "template--19133072343326__61fc4a13-7075-4145-bd65-af8837521b1a-16850573680fd811c0-0"
      ],
      "disabled": true,
      "settings": {
        "display_wide": false,
        "slideshow_size": "fixed_height",
        "desktop_height": 600,
        "mobile_height": 300,
        "caption_below": false,
        "pager": "dots",
        "transition": "fade",
        "slider_speed": 5,
        "video_audio": "off",
        "slide_heading_size": 22,
        "subheading_size": 14,
        "no_bottom_margin": false
      }
    },
    "4ee6b855-396c-4bf8-9459-56b353a6a672": {
      "type": "image-with-text",
      "blocks": {
        "template--19133072343326__4ee6b855-396c-4bf8-9459-56b353a6a672-1685057097bb96cb6c-0": {
          "type": "image",
          "settings": {
            "image": "shopify:\/\/shop_images\/bronte-17-hires-5_4.jpg"
          }
        },
        "template--19133072343326__4ee6b855-396c-4bf8-9459-56b353a6a672-1685057097bb96cb6c-1": {
          "type": "image",
          "disabled": true,
          "settings": {
            "image": "shopify:\/\/shop_images\/IMG_9639.jpg"
          }
        }
      },
      "block_order": [
        "template--19133072343326__4ee6b855-396c-4bf8-9459-56b353a6a672-1685057097bb96cb6c-0",
        "template--19133072343326__4ee6b855-396c-4bf8-9459-56b353a6a672-1685057097bb96cb6c-1"
      ],
      "disabled": true,
      "settings": {
        "layout": "left",
        "main_heading": "Our History",
        "image_width": "50%",
        "text_align": "left",
        "title": "",
        "text": "<p><strong>Salvage Europe specializes in sourcing and importing new and reclaimed French Oak, Stone, and Terracotta products from Europe. <\/strong><br\/><\/p><p>We are dedicated to providing high-quality, authentic, and sustainable materials to our customers. As a team of trusted design professionals, we take pride in sourcing only the highest quality and most unique products to offer our customers.<\/p><p><\/p><p>Our passion for quality and authenticity means that we work only with reputable suppliers and we strive to ensure that each piece is of the highest standard. <\/p><p><\/p><p>Whether you are looking for products to enhance the beauty of your home, office, or any other space, our team is dedicated to delivering customized solutions that fit your specific needs.<\/p>",
        "link": "",
        "button": "",
        "color": "#000000",
        "background": "#ffffff",
        "no_bottom_margin": false
      }
    },
    "4b92e375-b0eb-4d33-a6c2-255853825551": {
      "type": "meet-the-team-section",
      "blocks": {
        "ffa6c2d2-bf50-44b4-8d15-a8222a8063ea": {
          "type": "icon",
          "settings": {
            "reverse_row": false,
            "profile": "shopify:\/\/shop_images\/2_226d8f81-b23d-4dcb-8ba2-3a3e1b982e79.png",
            "year": "2021",
            "name": "Evan Shay",
            "description": "<p>With a rich family history in Australia's logging industry, has joined forces with James as co-owners of Salvage Europe. Evan's prosperous background in the hospitality sector, founding and expanding hotels and restaurants across various countries, brings valuable client-focused and operational expertise to Salvage Europe. Together, they share a deep passion for the industry, extensive product knowledge, and an unwavering commitment to customer success.<\/p>",
            "email": ""
          }
        },
        "9a1b5fdd-ff05-4c18-a5fd-d75dd3dc97b2": {
          "type": "icon",
          "settings": {
            "reverse_row": true,
            "profile": "shopify:\/\/shop_images\/1.jpg",
            "year": "2023",
            "name": "James Ruig:",
            "description": "<p>Over the course of 35 years, James established Salvage Europe as the largest reclaimed wood company in the Southern Hemisphere, operating in Australia, Texas, Malibu, and California Wine Country. James's lifelong journey has taken him across the globe in search of the most exceptional and beautiful salvageable elements. With a wealth of knowledge and extensive industry contacts, he possesses an unmatched passion for his craft.<\/p>",
            "email": ""
          }
        },
        "d491d9e7-a888-41c4-a897-c63b011a90e2": {
          "type": "icon",
          "disabled": true,
          "settings": {
            "reverse_row": false,
            "profile": "shopify:\/\/shop_images\/3.jpg",
            "year": "",
            "name": "Wilson Design Consultant",
            "description": "<p>Raised in Australia has journeyed across the globe, living and working in China, United Kingdom and the United States, she has acquired invaluable skills along the way. With a wealth of experience in Interior Design and Business Development, along with a family heritage deeply rooted in the design and timber industry is a valuable asset to the team at Salvage Europe.<\/p>",
            "email": ""
          }
        }
      },
      "block_order": [
        "ffa6c2d2-bf50-44b4-8d15-a8222a8063ea",
        "9a1b5fdd-ff05-4c18-a5fd-d75dd3dc97b2",
        "d491d9e7-a888-41c4-a897-c63b011a90e2"
      ],
      "settings": {
        "bg_color": "#ffffff",
        "color": "#000000",
        "main_heading": ""
      }
    },
    "340b3515-9055-4704-9290-842fdd87ef49": {
      "type": "editorial-columns",
      "blocks": {
        "template--19133072343326__340b3515-9055-4704-9290-842fdd87ef49-1685491323906bc94e-0": {
          "type": "image_with_text",
          "settings": {
            "image": "shopify:\/\/shop_images\/1.jpg",
            "title": "Our collections",
            "richtext": "<p>Add text to your image<\/p>",
            "button_text": "Button",
            "link": "",
            "text_align": "a-center",
            "column_size": 2
          }
        },
        "template--19133072343326__340b3515-9055-4704-9290-842fdd87ef49-1685491323906bc94e-1": {
          "type": "image_with_text",
          "settings": {
            "title": "Our collections",
            "richtext": "<p>Add text to your image<\/p>",
            "button_text": "Button",
            "link": "",
            "text_align": "a-center",
            "column_size": 2
          }
        },
        "template--19133072343326__340b3515-9055-4704-9290-842fdd87ef49-1685491323906bc94e-2": {
          "type": "image_with_text",
          "settings": {
            "title": "Our collections",
            "richtext": "<p>Add text to your image<\/p>",
            "button_text": "Button",
            "link": "",
            "text_align": "a-center",
            "column_size": 2
          }
        }
      },
      "block_order": [
        "template--19133072343326__340b3515-9055-4704-9290-842fdd87ef49-1685491323906bc94e-0",
        "template--19133072343326__340b3515-9055-4704-9290-842fdd87ef49-1685491323906bc94e-1",
        "template--19133072343326__340b3515-9055-4704-9290-842fdd87ef49-1685491323906bc94e-2"
      ],
      "disabled": true,
      "settings": {
        "title": "Spotlight on",
        "rich_text": "<p>Add some editorial columns to your page<\/p>",
        "image_height": 400,
        "mobile_image_height": 400,
        "no_bottom_margin": false,
        "color": "#f8f8f8",
        "background": "#000000",
        "padding": 30
      }
    }
  },
  "order": [
    "banner_image_nYM4pd",
    "banner-header",
    "ae3c7a73-7544-4597-830e-05ee2c704f5c",
    "61fc4a13-7075-4145-bd65-af8837521b1a",
    "4ee6b855-396c-4bf8-9459-56b353a6a672",
    "4b92e375-b0eb-4d33-a6c2-255853825551",
    "340b3515-9055-4704-9290-842fdd87ef49"
  ]
}
