{
  "sections": {
    "search_section_BRCPdU": {
      "type": "search-section",
      "disabled": true,
      "settings": {
        "title": "",
        "rich_text": "",
        "products_only": true,
        "padding": 0,
        "color": "#000000",
        "background": "",
        "no_bottom_margin": true
      }
    },
    "banner-header": {
      "type": "banner-header",
      "settings": {
        "image_height": 400,
        "parallax_scroll": false,
        "heading": "",
        "float_header": false,
        "center_heading": true
      }
    },
    "main": {
      "type": "main-page",
      "disabled": true,
      "settings": {
        "content_width": 80,
        "pagelist": "",
        "page_sidebar_title": "Page sidebar title"
      }
    },
    "featured_collection_all_YBTFfy": {
      "type": "featured-collection-all",
      "settings": {
        "collection": "reclaimed",
        "show_all": false,
        "show_more_text": "View all",
        "carousel": false,
        "grid": 4,
        "products_shown": 4
      }
    },
    "featured_collection_all_hrChzK": {
      "type": "featured-collection-all",
      "settings": {
        "collection": "unfinished",
        "show_all": false,
        "show_more_text": "View all",
        "carousel": false,
        "grid": 4,
        "products_shown": 4
      }
    },
    "featured_collection_all_EYFzBN": {
      "type": "featured-collection-all",
      "settings": {
        "collection": "french-oak",
        "show_all": false,
        "show_more_text": "View all",
        "carousel": false,
        "grid": 4,
        "products_shown": 4
      }
    }
  },
  "order": [
    "search_section_BRCPdU",
    "banner-header",
    "main",
    "featured_collection_all_YBTFfy",
    "featured_collection_all_hrChzK",
    "featured_collection_all_EYFzBN"
  ]
}
