{
  "sections": {
    "banner-header": {
      "type": "banner-header",
      "settings": {
        "image_height": 400,
        "parallax_scroll": false,
        "heading": "",
        "float_header": false,
        "center_heading": true
      }
    },
    "main": {
      "type": "main-page",
      "disabled": true,
      "settings": {
        "content_width": 80,
        "pagelist": "",
        "page_sidebar_title": "Page sidebar title"
      }
    },
    "featured_collection_all_X4ngdC": {
      "type": "featured-collection-all",
      "settings": {
        "collection": "reclaimed-stone",
        "show_all": false,
        "show_more_text": "View all",
        "carousel": false,
        "grid": 4,
        "products_shown": 4
      }
    },
    "featured_collection_all_K94mjA": {
      "type": "featured-collection-all",
      "settings": {
        "collection": "reclaimed-terracotta",
        "show_all": false,
        "show_more_text": "View all",
        "carousel": false,
        "grid": 4,
        "products_shown": 4
      }
    },
    "featured_collection_all_HNWNkR": {
      "type": "featured-collection-all",
      "settings": {
        "collection": "european-limestone",
        "show_all": false,
        "show_more_text": "View all",
        "carousel": false,
        "grid": 4,
        "products_shown": 4
      }
    },
    "featured_collection_all_ebajdn": {
      "type": "featured-collection-all",
      "settings": {
        "collection": "belgian-bluestone",
        "show_all": false,
        "show_more_text": "View all",
        "carousel": false,
        "grid": 4,
        "products_shown": 4
      }
    }
  },
  "order": [
    "banner-header",
    "main",
    "featured_collection_all_X4ngdC",
    "featured_collection_all_K94mjA",
    "featured_collection_all_HNWNkR",
    "featured_collection_all_ebajdn"
  ]
}
