{
  "name": "t:sections.header.name",
  "type": "header",
  "sections": {
    "header": {
      "type": "header",
      "settings": {
        "logo_position": "top-left",
        "menu": "main-mega-menu",
        "menu_type_desktop": "drawer",
        "sticky_header_type": "on-scroll-up",
        "show_line_separator": true,
        "color_scheme": "background-1",
        "menu_color_scheme": "background-1",
        "enable_country_selector": true,
        "enable_language_selector": true,
        "mobile_logo_position": "center",
        "margin_bottom": 0,
        "padding_top": 16,
        "padding_bottom": 4
      }
    }
  },
  "order": [
    "header"
  ]
}
