{
  "sections": {
    "heading_banner_8iJ8hX": {
      "type": "heading-banner",
      "settings": {
        "bg_image": "{{ blog.metafields.custom.featured_image.value }}",
        "heading": "{{ blog.title }}"
      }
    },
    "main": {
      "type": "main-blog",
      "settings": {
        "layout": "grid",
        "show_image": true,
        "image_height": "medium",
        "show_date": false,
        "show_content": false,
        "show_author": false,
        "padding_top": 36,
        "padding_bottom": 36
      }
    },
    "testimonial_block_47964": {
      "type": "testimonial-block",
      "blocks": {
        "item_BYPcEb": {
          "type": "Item",
          "settings": {
            "content": "<p>Lorem Ipsum is simply dummy text of the printing and typesetting industry. Lorem Ipsum has been the industry's standard dummy text ever since the 1500s<\/p>",
            "icon": "shopify:\/\/shop_images\/Group_94.png",
            "name": "Client Name"
          }
        },
        "item_TwCMCd": {
          "type": "Item",
          "settings": {
            "content": "<p>Lorem Ipsum is simply dummy text of the printing and typesetting industry. Lorem Ipsum has been the industry's standard dummy text ever since the 1500s<\/p>",
            "icon": "shopify:\/\/shop_images\/Group_94.png",
            "name": "Client Name"
          }
        },
        "item_6qYRWz": {
          "type": "Item",
          "settings": {
            "content": "<p>Lorem Ipsum is simply dummy text of the printing and typesetting industry. Lorem Ipsum has been the industry's standard dummy text ever since the 1500s<\/p>",
            "icon": "shopify:\/\/shop_images\/Group_94.png",
            "name": "Client Name"
          }
        }
      },
      "block_order": [
        "item_BYPcEb",
        "item_TwCMCd",
        "item_6qYRWz"
      ],
      "settings": {
        "sub_heading": "LOREM IPSUM",
        "heading": "WHAT IS LOREM IPSUM"
      }
    }
  },
  "order": [
    "heading_banner_8iJ8hX",
    "main",
    "testimonial_block_47964"
  ]
}
