{
  "sections": {
    "main": {
      "type": "main-page",
      "settings": {
        "padding_top": 28,
        "padding_bottom": 28
      }
    },
    "rich_text_block_BYrWyR": {
      "type": "rich-text-block",
      "custom_css": [

      ],
      "settings": {
        "content": "<p><strong>Thank You!<\/strong><\/p><p>Thank you for reaching out to us! We've received your information and will get back to you shortly. If you have any additional questions in the meantime, feel free to contact us on <a href=\"mailto:mercadeo@tecnisportvzla.com\" title=\"mailto:mercadeo@tecnisportvzla.com\"><strong>mercadeo@tecnisportvzla.com<\/strong><\/a>.<\/p><p>We appreciate your interest and look forward to connecting with you soon.<\/p><p>Warm regards,<br\/><strong>Tecnisportvzla.<\/strong><\/p>"
      }
    }
  },
  "order": [
    "main",
    "rich_text_block_BYrWyR"
  ]
}
