{
  "current": {
    "logo": "shopify:\/\/shop_images\/Kollections_Logo_f972c7ab-7600-4c9f-8032-8bbcad7ecdcc.png",
    "logo_width": 210,
    "favicon": "shopify:\/\/shop_images\/Kollections_Logo_200_x_200_px.png",
    "type_header_font": "libre_baskerville_n4",
    "heading_scale": 100,
    "type_body_font": "itc_new_baskerville_n4",
    "body_scale": 100,
    "page_width": 1200,
    "spacing_sections": 0,
    "spacing_grid_horizontal": 8,
    "spacing_grid_vertical": 8,
    "animations_reveal_on_scroll": true,
    "animations_hover_elements": "none",
    "buttons_border_thickness": 2,
    "buttons_border_opacity": 50,
    "buttons_radius": 0,
    "buttons_shadow_opacity": 10,
    "buttons_shadow_horizontal_offset": 0,
    "buttons_shadow_vertical_offset": 4,
    "buttons_shadow_blur": 5,
    "variant_pills_border_thickness": 5,
    "variant_pills_border_opacity": 55,
    "variant_pills_radius": 18,
    "variant_pills_shadow_opacity": 0,
    "variant_pills_shadow_horizontal_offset": 0,
    "variant_pills_shadow_vertical_offset": 4,
    "variant_pills_shadow_blur": 5,
    "inputs_border_thickness": 1,
    "inputs_border_opacity": 55,
    "inputs_radius": 0,
    "inputs_shadow_opacity": 0,
    "inputs_shadow_horizontal_offset": 0,
    "inputs_shadow_vertical_offset": 4,
    "inputs_shadow_blur": 5,
    "card_style": "standard",
    "card_image_padding": 0,
    "card_text_alignment": "left",
    "card_color_scheme": "scheme-2",
    "card_border_thickness": 0,
    "card_border_opacity": 10,
    "card_corner_radius": 0,
    "card_shadow_opacity": 0,
    "card_shadow_horizontal_offset": 0,
    "card_shadow_vertical_offset": 4,
    "card_shadow_blur": 5,
    "collection_card_style": "standard",
    "collection_card_image_padding": 0,
    "collection_card_text_alignment": "left",
    "collection_card_color_scheme": "scheme-2",
    "collection_card_border_thickness": 0,
    "collection_card_border_opacity": 10,
    "collection_card_corner_radius": 0,
    "collection_card_shadow_opacity": 0,
    "collection_card_shadow_horizontal_offset": 0,
    "collection_card_shadow_vertical_offset": 4,
    "collection_card_shadow_blur": 5,
    "blog_card_style": "standard",
    "blog_card_image_padding": 0,
    "blog_card_text_alignment": "left",
    "blog_card_color_scheme": "scheme-2",
    "blog_card_border_thickness": 0,
    "blog_card_border_opacity": 10,
    "blog_card_corner_radius": 0,
    "blog_card_shadow_opacity": 0,
    "blog_card_shadow_horizontal_offset": 0,
    "blog_card_shadow_vertical_offset": 4,
    "blog_card_shadow_blur": 5,
    "text_boxes_border_thickness": 0,
    "text_boxes_border_opacity": 10,
    "text_boxes_radius": 0,
    "text_boxes_shadow_opacity": 10,
    "text_boxes_shadow_horizontal_offset": 0,
    "text_boxes_shadow_vertical_offset": 4,
    "text_boxes_shadow_blur": 5,
    "media_border_thickness": 1,
    "media_border_opacity": 5,
    "media_radius": 0,
    "media_shadow_opacity": 0,
    "media_shadow_horizontal_offset": 0,
    "media_shadow_vertical_offset": 4,
    "media_shadow_blur": 5,
    "popup_border_thickness": 1,
    "popup_border_opacity": 10,
    "popup_corner_radius": 0,
    "popup_shadow_opacity": 5,
    "popup_shadow_horizontal_offset": 0,
    "popup_shadow_vertical_offset": 4,
    "popup_shadow_blur": 5,
    "drawer_border_thickness": 1,
    "drawer_border_opacity": 10,
    "drawer_shadow_opacity": 0,
    "drawer_shadow_horizontal_offset": 0,
    "drawer_shadow_vertical_offset": 4,
    "drawer_shadow_blur": 5,
    "badge_position": "bottom left",
    "badge_corner_radius": 40,
    "sale_badge_color_scheme": "scheme-35300613-1c1d-4c4f-93e3-6afc1d83351f",
    "sold_out_badge_color_scheme": "scheme-5",
    "brand_headline": "Kollections",
    "brand_description": "<p><\/p>",
    "brand_image_width": 100,
    "social_facebook_link": "https:\/\/www.facebook.com\/kollectionsco",
    "social_instagram_link": "https:\/\/www.instagram.com\/kollections.co",
    "social_youtube_link": "",
    "social_tiktok_link": "",
    "social_twitter_link": "",
    "social_snapchat_link": "",
    "social_pinterest_link": "",
    "social_tumblr_link": "",
    "social_vimeo_link": "",
    "predictive_search_enabled": true,
    "predictive_search_show_vendor": false,
    "predictive_search_show_price": false,
    "currency_code_enabled": true,
    "cart_type": "notification",
    "show_vendor": false,
    "show_cart_note": true,
    "cart_drawer_collection": "",
    "cart_color_scheme": "scheme-c652426c-fc9b-48e7-b70f-f181c768226b",
    "sections": {
      "main-password-header": {
        "type": "main-password-header",
        "settings": {
          "color_scheme": "scheme-1"
        }
      },
      "main-password-footer": {
        "type": "main-password-footer",
        "settings": {
          "color_scheme": "scheme-1"
        }
      }
    },
    "content_for_index": [

    ],
    "blocks": {
      "9356323809658795675": {
        "type": "shopify:\/\/apps\/reelup-shoppable-videos-reels\/blocks\/reelup\/a8ec9e4d-d192-44f7-9c23-595f9ee7dd5b",
        "disabled": false,
        "settings": {
          "debugging_popup_script": "",
          "debugging_pops_script": "",
          "debugging_global_script": "",
          "enable_reelPops": true
        }
      },
      "855628211100114053": {
        "type": "shopify:\/\/apps\/klaviyo-email-marketing-sms\/blocks\/klaviyo-onsite-embed\/2632fe16-c075-4321-a88b-50b567f42507",
        "disabled": false,
        "settings": {
        }
      },
      "14060646107696862457": {
        "type": "shopify:\/\/apps\/judge-me-reviews\/blocks\/judgeme_core\/61ccd3b1-a9f2-4160-9fe9-4fec8413e5d8",
        "disabled": true,
        "settings": {
        }
      },
      "12120936241911852800": {
        "type": "shopify:\/\/apps\/judge-me-reviews\/blocks\/reviews_tab\/61ccd3b1-a9f2-4160-9fe9-4fec8413e5d8",
        "disabled": true,
        "settings": {
          "position": "right"
        }
      },
      "17676059084223943535": {
        "type": "shopify:\/\/apps\/triplewhale\/blocks\/triple_pixel_snippet\/483d496b-3f1a-4609-aea7-8eee3b6b7a2a",
        "disabled": false,
        "settings": {
        }
      },
      "14327677521557774844": {
        "type": "shopify:\/\/apps\/simprosys-google-shopping-feed\/blocks\/core_settings_block\/1f0b859e-9fa6-4007-97e8-4513aff5ff3b",
        "disabled": false,
        "settings": {
        }
      },
      "8469415929103819812": {
        "type": "shopify:\/\/apps\/menulock-disable-right-click\/blocks\/menulock\/1342e2cd-2ecf-46e6-ad53-7e2e0211e393",
        "disabled": false,
        "settings": {
        }
      },
      "1232542678405107163": {
        "type": "shopify:\/\/apps\/instafeed\/blocks\/head-block\/c447db20-095d-4a10-9725-b5977662c9d5",
        "disabled": false,
        "settings": {
        }
      },
      "12657775114333427046": {
        "type": "shopify:\/\/apps\/essential-countdown\/blocks\/app_embed\/722378e8-5a70-4eae-aa89-9e44e8e9f6de",
        "disabled": false,
        "settings": {
        }
      },
      "17920835415960095625": {
        "type": "shopify:\/\/apps\/swatch-king\/blocks\/variant-swatch-king\/0850b1e4-ba30-4a0d-a8f4-f9a939276d7d",
        "disabled": true,
        "settings": {
          "alignment": "left",
          "swatch_location": "After image",
          "switch_on_hover": true,
          "preselect_variant": false
        }
      },
      "3720565183479497137": {
        "type": "shopify:\/\/apps\/globo-product-option\/blocks\/app-embed-block\/fdc9fad5-1a0f-4bd4-9c8a-1af6a6eef6b8",
        "disabled": false,
        "settings": {
        }
      }
    },
    "color_schemes": {
      "scheme-1": {
        "settings": {
          "background": "#ffffff",
          "background_gradient": "",
          "text": "#121212",
          "button": "#121212",
          "button_label": "#ffffff",
          "secondary_button_label": "#121212",
          "shadow": "#121212"
        }
      },
      "scheme-2": {
        "settings": {
          "background": "#3b452e",
          "background_gradient": "",
          "text": "#ffffff",
          "button": "#121212",
          "button_label": "#f3f3f3",
          "secondary_button_label": "#121212",
          "shadow": "#121212"
        }
      },
      "scheme-3": {
        "settings": {
          "background": "#242833",
          "background_gradient": "",
          "text": "#ffffff",
          "button": "#ffffff",
          "button_label": "#000000",
          "secondary_button_label": "#ffffff",
          "shadow": "#121212"
        }
      },
      "scheme-4": {
        "settings": {
          "background": "#121212",
          "background_gradient": "",
          "text": "#ffffff",
          "button": "#ffffff",
          "button_label": "#800020",
          "secondary_button_label": "#ffffff",
          "shadow": "#121212"
        }
      },
      "scheme-5": {
        "settings": {
          "background": "#ffffff",
          "background_gradient": "",
          "text": "#000000",
          "button": "#3b452e",
          "button_label": "#ffffff",
          "secondary_button_label": "#ffffff",
          "shadow": "#fffaf0"
        }
      },
      "scheme-c652426c-fc9b-48e7-b70f-f181c768226b": {
        "settings": {
          "background": "#800020",
          "background_gradient": "",
          "text": "#ffffff",
          "button": "#ffffff",
          "button_label": "#ffffff",
          "secondary_button_label": "#121212",
          "shadow": "#121212"
        }
      },
      "scheme-35300613-1c1d-4c4f-93e3-6afc1d83351f": {
        "settings": {
          "background": "#f10808",
          "background_gradient": "",
          "text": "#ffffff",
          "button": "#121212",
          "button_label": "#ffffff",
          "secondary_button_label": "#121212",
          "shadow": "#121212"
        }
      }
    }
  },
  "presets": {
    "Default": {
      "logo_width": 90,
      "color_schemes": {
        "scheme-1": {
          "settings": {
            "background": "#FFFFFF",
            "background_gradient": "",
            "text": "#121212",
            "button": "#121212",
            "button_label": "#FFFFFF",
            "secondary_button_label": "#121212",
            "shadow": "#121212"
          }
        },
        "scheme-2": {
          "settings": {
            "background": "#F3F3F3",
            "background_gradient": "",
            "text": "#121212",
            "button": "#121212",
            "button_label": "#F3F3F3",
            "secondary_button_label": "#121212",
            "shadow": "#121212"
          }
        },
        "scheme-3": {
          "settings": {
            "background": "#242833",
            "background_gradient": "",
            "text": "#FFFFFF",
            "button": "#FFFFFF",
            "button_label": "#000000",
            "secondary_button_label": "#FFFFFF",
            "shadow": "#121212"
          }
        },
        "scheme-4": {
          "settings": {
            "background": "#121212",
            "background_gradient": "",
            "text": "#FFFFFF",
            "button": "#FFFFFF",
            "button_label": "#121212",
            "secondary_button_label": "#FFFFFF",
            "shadow": "#121212"
          }
        },
        "scheme-5": {
          "settings": {
            "background": "#334FB4",
            "background_gradient": "",
            "text": "#FFFFFF",
            "button": "#FFFFFF",
            "button_label": "#334FB4",
            "secondary_button_label": "#FFFFFF",
            "shadow": "#121212"
          }
        }
      },
      "type_header_font": "assistant_n4",
      "heading_scale": 100,
      "type_body_font": "assistant_n4",
      "body_scale": 100,
      "page_width": 1200,
      "spacing_sections": 0,
      "spacing_grid_horizontal": 8,
      "spacing_grid_vertical": 8,
      "animations_reveal_on_scroll": true,
      "animations_hover_elements": "none",
      "buttons_border_thickness": 1,
      "buttons_border_opacity": 100,
      "buttons_radius": 0,
      "buttons_shadow_opacity": 0,
      "buttons_shadow_horizontal_offset": 0,
      "buttons_shadow_vertical_offset": 4,
      "buttons_shadow_blur": 5,
      "variant_pills_border_thickness": 1,
      "variant_pills_border_opacity": 55,
      "variant_pills_radius": 40,
      "variant_pills_shadow_opacity": 0,
      "variant_pills_shadow_horizontal_offset": 0,
      "variant_pills_shadow_vertical_offset": 4,
      "variant_pills_shadow_blur": 5,
      "inputs_border_thickness": 1,
      "inputs_border_opacity": 55,
      "inputs_radius": 0,
      "inputs_shadow_opacity": 0,
      "inputs_shadow_horizontal_offset": 0,
      "inputs_shadow_vertical_offset": 4,
      "inputs_shadow_blur": 5,
      "card_style": "standard",
      "card_image_padding": 0,
      "card_text_alignment": "left",
      "card_color_scheme": "scheme-2",
      "card_border_thickness": 0,
      "card_border_opacity": 10,
      "card_corner_radius": 0,
      "card_shadow_opacity": 0,
      "card_shadow_horizontal_offset": 0,
      "card_shadow_vertical_offset": 4,
      "card_shadow_blur": 5,
      "collection_card_style": "standard",
      "collection_card_image_padding": 0,
      "collection_card_text_alignment": "left",
      "collection_card_color_scheme": "scheme-2",
      "collection_card_border_thickness": 0,
      "collection_card_border_opacity": 10,
      "collection_card_corner_radius": 0,
      "collection_card_shadow_opacity": 0,
      "collection_card_shadow_horizontal_offset": 0,
      "collection_card_shadow_vertical_offset": 4,
      "collection_card_shadow_blur": 5,
      "blog_card_style": "standard",
      "blog_card_image_padding": 0,
      "blog_card_text_alignment": "left",
      "blog_card_color_scheme": "scheme-2",
      "blog_card_border_thickness": 0,
      "blog_card_border_opacity": 10,
      "blog_card_corner_radius": 0,
      "blog_card_shadow_opacity": 0,
      "blog_card_shadow_horizontal_offset": 0,
      "blog_card_shadow_vertical_offset": 4,
      "blog_card_shadow_blur": 5,
      "text_boxes_border_thickness": 0,
      "text_boxes_border_opacity": 10,
      "text_boxes_radius": 0,
      "text_boxes_shadow_opacity": 0,
      "text_boxes_shadow_horizontal_offset": 0,
      "text_boxes_shadow_vertical_offset": 4,
      "text_boxes_shadow_blur": 5,
      "media_border_thickness": 1,
      "media_border_opacity": 5,
      "media_radius": 0,
      "media_shadow_opacity": 0,
      "media_shadow_horizontal_offset": 0,
      "media_shadow_vertical_offset": 4,
      "media_shadow_blur": 5,
      "popup_border_thickness": 1,
      "popup_border_opacity": 10,
      "popup_corner_radius": 0,
      "popup_shadow_opacity": 5,
      "popup_shadow_horizontal_offset": 0,
      "popup_shadow_vertical_offset": 4,
      "popup_shadow_blur": 5,
      "drawer_border_thickness": 1,
      "drawer_border_opacity": 10,
      "drawer_shadow_opacity": 0,
      "drawer_shadow_horizontal_offset": 0,
      "drawer_shadow_vertical_offset": 4,
      "drawer_shadow_blur": 5,
      "badge_position": "bottom left",
      "badge_corner_radius": 40,
      "sale_badge_color_scheme": "scheme-4",
      "sold_out_badge_color_scheme": "scheme-3",
      "brand_headline": "",
      "brand_description": "<p><\/p>",
      "brand_image_width": 100,
      "social_twitter_link": "",
      "social_facebook_link": "",
      "social_pinterest_link": "",
      "social_instagram_link": "",
      "social_tiktok_link": "",
      "social_tumblr_link": "",
      "social_snapchat_link": "",
      "social_youtube_link": "",
      "social_vimeo_link": "",
      "predictive_search_enabled": true,
      "predictive_search_show_vendor": false,
      "predictive_search_show_price": false,
      "currency_code_enabled": true,
      "cart_type": "notification",
      "show_vendor": false,
      "show_cart_note": false,
      "cart_drawer_collection": "",
      "cart_color_scheme": "scheme-1",
      "sections": {
        "main-password-header": {
          "type": "main-password-header",
          "settings": {
            "color_scheme": "scheme-1"
          }
        },
        "main-password-footer": {
          "type": "main-password-footer",
          "settings": {
            "color_scheme": "scheme-1"
          }
        }
      }
    }
  }
}
