{
  "sections": {
    "main": {
      "type": "main-page",
      "disabled": true,
      "settings": {
        "padding_top": 28,
        "padding_bottom": 28
      }
    },
    "heading_banner_4MFDt8": {
      "type": "heading-banner",
      "settings": {
        "bg_image": "shopify:\/\/shop_images\/Group_2_4.png",
        "heading": "Standard Policies",
        "sub_heading": "",
        "font_size": 30,
        "content": ""
      }
    },
    "rich_text_block_eREVee": {
      "type": "rich-text-block",
      "settings": {
        "content": "<h3>Returns<\/h3><ul><li>You may return new, unused items within 30 days of delivery for a full refund.<\/li><li>Items must be returned in their original packaging with all tags attached.<\/li><li>Return shipping costs are the responsibility of the customer, unless the return is due to our error (e.g., wrong item shipped, defective product). <\/li><li>To initiate a return, please contact our customer support team.<\/li><\/ul><h3>Shipping<\/h3><ul><li>We offer free standard shipping on orders of $150 or more within [your shipping region].<\/li><li>For orders under $150, shipping costs will be calculated at checkout based on your location and chosen shipping method.<\/li><li>We process and ship orders within 1-2 business days.<\/li><li>Delivery times vary depending on your location and chosen shipping method. You will receive a tracking number once your order has been shipped.<\/li><\/ul><h3>Warranty<\/h3><ul><li>All products are covered by a manufacturer's warranty against defects in materials and workmanship.<\/li><li>The warranty period varies depending on the product and manufacturer. Please refer to the product description or contact us for specific warranty information.<\/li><li>If you experience any issues with a product within the warranty period, please contact our customer support team.<\/li><\/ul>"
      }
    }
  },
  "order": [
    "main",
    "heading_banner_4MFDt8",
    "rich_text_block_eREVee"
  ]
}
