{
  "name": "t:sections.footer.name",
  "type": "footer",
  "sections": {
    "newsletter_footer_en3bVP": {
      "type": "newsletter-footer",
      "settings": {
        "icon": "shopify:\/\/shop_images\/Group_39_1_1.webp",
        "form_heading": "Subscription",
        "subtext": "<p>Sign up for our newsletter and be the first to know about new product releases, exclusive promotions, and exciting padel news. Plus, get insider tips and tricks to improve your game!<\/p>",
        "form_text": "Stay Informed, Stay Inspired: Your Weekly Source of News and Insights."
      }
    },
    "footer_icon_box_ryf3Jb": {
      "type": "footer-icon-box",
      "blocks": {
        "item_qDWHYg": {
          "type": "Item",
          "settings": {
            "icon": "shopify:\/\/shop_images\/Group_4.webp",
            "text": "FREE SHIPPIN RETURN POLICY"
          }
        },
        "item_ityRfi": {
          "type": "Item",
          "settings": {
            "icon": "shopify:\/\/shop_images\/Group-1.webp",
            "text": "90-DAY WARRANTY"
          }
        },
        "item_3Pm9wj": {
          "type": "Item",
          "settings": {
            "icon": "shopify:\/\/shop_images\/Group-2.webp",
            "text": "NEW PRODUCT OFFERINGS & DEALS"
          }
        }
      },
      "block_order": [
        "item_qDWHYg",
        "item_ityRfi",
        "item_3Pm9wj"
      ],
      "settings": {
        "logo": "shopify:\/\/shop_images\/Group_66.png"
      }
    },
    "footer": {
      "type": "footer",
      "blocks": {
        "link_list_HMfbVF": {
          "type": "link_list",
          "settings": {
            "heading": "Information",
            "menu": "information"
          }
        },
        "link_list_cTnhLi": {
          "type": "link_list",
          "settings": {
            "heading": "Shop",
            "menu": "shop"
          }
        },
        "link_list_GhpCYN": {
          "type": "link_list",
          "settings": {
            "heading": "About Us",
            "menu": "information"
          }
        },
        "link_list_QXTkkK": {
          "type": "link_list",
          "settings": {
            "heading": "Our Policy",
            "menu": "shop"
          }
        }
      },
      "block_order": [
        "link_list_HMfbVF",
        "link_list_cTnhLi",
        "link_list_GhpCYN",
        "link_list_QXTkkK"
      ],
      "settings": {
        "color_scheme": "background-1",
        "newsletter_enable": false,
        "newsletter_heading": "Subscribe to our emails",
        "enable_follow_on_shop": false,
        "show_social": true,
        "enable_country_selector": true,
        "enable_language_selector": true,
        "payment_enable": true,
        "show_policy": false,
        "margin_top": 0,
        "padding_top": 36,
        "padding_bottom": 36
      }
    }
  },
  "order": [
    "newsletter_footer_en3bVP",
    "footer_icon_box_ryf3Jb",
    "footer"
  ]
}
