{
  "sections": {
    "main": {
      "type": "template--article",
      "settings": {
      }
    },
    "image-with-text-block": {
      "type": "image--image-with-text-block",
      "settings": {
        "text-color": "#292929",
        "background-color": "#F6F6F6",
        "horizontal-alignment": "right",
        "subheading": "Subheading"
      }
    },
    "featured-product": {
      "type": "product--featured-product",
      "settings": {
        "shipping_policy": false,
        "show_discount": "percentage",
        "show_smart_checkout": false,
        "show_product_description": true
      }
    }
  },
  "order": [
    "main",
    "image-with-text-block",
    "featured-product"
  ]
}