{
  "sections": {
    "main": {
      "type": "template--blog",
      "settings": {
        "blog-posts-per-page": 3
      }
    },
    "image-with-text-overlay": {
      "type": "image--image-with-text-overlay",
      "settings": {
        "subheading": "Subheading",
        "hero_size": "x-large"
      }
    },
    "newsletter": {
      "type": "newsletter--newsletter",
      "settings": {
        "subheading": "Subheading",
        "newsletter_description": ""
      }
    }
  },
  "order": [
    "main",
    "image-with-text-overlay",
    "newsletter"
  ]
}