{
  "wrapper": "div",
  "sections": {
    "55edaef3-a274-4b99-bd5f-0787650a8a2d": {
      "type": "subscription--pastry",
      "settings": {
        "font_padding": 16,
        "pastry-subscription--background-color": "#cf6a28",
        "title-pastry": "Check Out Our Monthly Subscription Box!",
        "text-block-pastry": "<ul>\n<li>Subscribe! don’t worry, you can cancel any time! </li>\n<li>Receive your Pastry Kit in the mail.</li>\n<li>Use your recipe card and pre-measured mixes in each box, plus a couple perishables, to make your monthly treat! Each month we send newsletters with special pastry tips and a Spotify playlist to make baking even more fun and easy!</li>\n<li>Subscribe by the 21st to receive this month’s pastry kit.</li>\n</ul>",
        "right_image": "shopify://shop_images/Group_86_1.png",
        "arrow_image": "shopify://shop_images/Price_Badge_1_1.png",
        "button_text": "Subscribe",
        "pastry-subscription_product": "pastry-kit-subscription",
        "show_smart_checkout": false
      }
    },
    "main": {
      "type": "template--pastry-product",
      "blocks": {
        "product-title": {
          "type": "product-title",
          "settings": {
          }
        },
        "product-price": {
          "type": "product-price",
          "settings": {
            "show_discount": "value",
            "tax_included": false,
            "shipping_policy": false
          }
        },
        "product-options": {
          "type": "product-options",
          "settings": {
          }
        },
        "6ec6c711-c4e0-44f8-a99e-c9bc484ce270": {
          "type": "product-description",
          "settings": {
          }
        },
        "quantity-selector": {
          "type": "quantity-selector",
          "settings": {
          }
        },
        "payment-buttons": {
          "type": "payment-buttons",
          "settings": {
            "show_smart_checkout": false,
            "show_gift_card_recipient": false
          }
        },
        "shop-pay": {
          "type": "shop-pay",
          "disabled": true,
          "settings": {
          }
        },
        "social-sharing": {
          "type": "social-sharing",
          "settings": {
            "social_align": "right",
            "social_sharing_facebook": true,
            "social_sharing_twitter": true,
            "social_sharing_pinterest": true
          }
        },
        "cross-sells": {
          "type": "cross-sells",
          "disabled": true,
          "settings": {
            "title": "Ooh, look at what else!",
            "cross_sell_product_1": "reverse-cookie",
            "cross_sell_product_2": "",
            "cross_sell_product_3": "",
            "cross_sell_bg": "#ff8ac4"
          }
        },
        "3bdf7ddd-f687-497d-8150-0e9d1aeebe32": {
          "type": "text-with-icon",
          "settings": {
            "icon": "takeaway",
            "text": "Free shipping",
            "link": ""
          }
        },
        "32dbfd09-6aee-48b7-9435-b3cac1e846cd": {
          "type": "text-with-icon",
          "disabled": true,
          "settings": {
            "icon": "takeaway",
            "text": "Free shipping",
            "link": ""
          }
        }
      },
      "block_order": [
        "product-title",
        "product-price",
        "product-options",
        "6ec6c711-c4e0-44f8-a99e-c9bc484ce270",
        "quantity-selector",
        "payment-buttons",
        "shop-pay",
        "social-sharing",
        "cross-sells",
        "3bdf7ddd-f687-497d-8150-0e9d1aeebe32",
        "32dbfd09-6aee-48b7-9435-b3cac1e846cd"
      ],
      "settings": {
        "topSection--background-color": "#feeee6",
        "secondSection--background-color": "#9d9dce",
        "show_out_of_stock_email": true,
        "out_of_stock_email_position": "below-details",
        "hide_out_of_stock": false,
        "thumbnail_changes_variant": false,
        "image_display": "thumbnails",
        "enable_zoom": false,
        "enable_video_loop": true
      }
    },
    "c52248ff-f456-4d38-86a6-1755c49afbdd": {
      "type": "pastry-services",
      "blocks": {
        "7358001c-4d97-4f2d-96b2-21700668bba9": {
          "type": "block-1",
          "settings": {
            "call-to-icon": "<svg width=\"52\" height=\"52\" viewbox=\"0 0 52 52\" fill=\"none\" xmlns=\"http://www.w3.org/2000/svg\">\n          <circle cx=\"26\" cy=\"26\" r=\"25.1333\" stroke=\"#A264A9\" stroke-width=\"1.73333\"></circle>\n          <circle cx=\"26\" cy=\"26\" r=\"19.5\" stroke=\"#A264A9\" stroke-width=\"0.866667\" stroke-linejoin=\"round\" stroke-dasharray=\"3.47 3.47\"></circle>\n          <path d=\"M23.1106 18.7448L21.3149 20.043V18.6113L23.3533 17.1189H24.6394V25.6001H23.1106V18.7448ZM28.2918 25.7821C27.8388 25.7821 27.394 25.7336 26.9572 25.6365C26.5204 25.5394 26.1523 25.406 25.853 25.2361V23.9378C26.1928 24.1481 26.577 24.314 27.0057 24.4353C27.4344 24.5485 27.8429 24.6052 28.2312 24.6052C29.6305 24.6052 30.3302 24.0511 30.3302 22.9429C30.3302 22.409 30.1563 22.0005 29.8085 21.7174C29.4688 21.4343 28.9875 21.2928 28.3646 21.2928C28.0815 21.2928 27.7822 21.3211 27.4668 21.3777C27.1513 21.4343 26.8722 21.5112 26.6296 21.6082L25.9865 21.2442L26.3141 17.1189H31.2888V18.3929H27.7094L27.5517 20.3342C27.9966 20.2372 28.49 20.1886 29.032 20.1886C29.9298 20.1886 30.6295 20.4353 31.131 20.9288C31.6325 21.4222 31.8833 22.0936 31.8833 22.9429C31.8833 23.865 31.584 24.5688 30.9854 25.0541C30.3868 25.5394 29.489 25.7821 28.2918 25.7821ZM16.5454 28.1189H18.05L20.8892 34.3312L23.7284 28.1189H25.2329V36.6001H23.7769V31.0916L21.2532 36.6001H20.5252L18.0014 31.0916V36.6001H16.5454V28.1189ZM26.6881 28.1189H28.2291V36.6001H26.6881V28.1189ZM29.6859 28.1189H31.1419L35.1095 34.0278V28.1189H36.6505V36.6001H35.1945L31.2269 30.679V36.6001H29.6859V28.1189Z\" fill=\"#A264A9\"></path>\n      </svg>",
            "call-to-text": "Ready in Just 15 Minutes"
          }
        },
        "90820b1f-7f43-4d8c-892d-d18ff8dd19db": {
          "type": "block-1",
          "settings": {
            "call-to-icon": "<svg width=\"52\" height=\"52\" viewbox=\"0 0 52 52\" fill=\"none\" xmlns=\"http://www.w3.org/2000/svg\">\n          <circle cx=\"26\" cy=\"26\" r=\"25.1333\" stroke=\"#A264A9\" stroke-width=\"1.73333\"></circle>\n          <path d=\"M18.4166 28.7994H19.2291C19.229 28.6414 19.1829 28.4868 19.0963 28.3546C19.0097 28.2224 18.8865 28.1184 18.7416 28.0552L18.4166 28.7994ZM33.5833 28.7994L33.2583 28.0552C33.1135 28.1184 32.9902 28.2224 32.9036 28.3546C32.817 28.4868 32.7709 28.6414 32.7708 28.7994H33.5833ZM30.0625 20.5834C30.0625 20.7989 30.1481 21.0056 30.3004 21.1579C30.4528 21.3103 30.6595 21.3959 30.875 21.3959C31.0904 21.3959 31.2971 21.3103 31.4495 21.1579C31.6019 21.0056 31.6875 20.7989 31.6875 20.5834H30.0625ZM20.3125 20.5834C20.3125 20.7989 20.3981 21.0056 20.5504 21.1579C20.7028 21.3103 20.9095 21.3959 21.125 21.3959C21.3404 21.3959 21.5471 21.3103 21.6995 21.1579C21.8519 21.0056 21.9375 20.7989 21.9375 20.5834H20.3125ZM28.1666 36.0209C27.9511 36.0209 27.7445 36.1065 27.5921 36.2589C27.4397 36.4113 27.3541 36.6179 27.3541 36.8334C27.3541 37.0489 27.4397 37.2556 27.5921 37.4079C27.7445 37.5603 27.9511 37.6459 28.1666 37.6459V36.0209ZM23.8333 37.6459C24.0488 37.6459 24.2554 37.5603 24.4078 37.4079C24.5602 37.2556 24.6458 37.0489 24.6458 36.8334C24.6458 36.6179 24.5602 36.4113 24.4078 36.2589C24.2554 36.1065 24.0488 36.0209 23.8333 36.0209V37.6459ZM20.5833 17.6042C18.9312 17.6042 17.3468 18.2605 16.1786 19.4287C15.0104 20.5969 14.3541 22.1813 14.3541 23.8334H15.9791C15.9791 22.6123 16.4642 21.4412 17.3277 20.5778C18.1911 19.7143 19.3622 19.2292 20.5833 19.2292V17.6042ZM31.4166 19.2292C32.6377 19.2292 33.8088 19.7143 34.6723 20.5778C35.5357 21.4412 36.0208 22.6123 36.0208 23.8334H37.6458C37.6458 22.1813 36.9895 20.5969 35.8213 19.4287C34.6531 18.2605 33.0687 17.6042 31.4166 17.6042V19.2292ZM22.75 36.0209C21.7056 36.0209 21.0036 36.0187 20.4804 35.9483C19.981 35.8812 19.7665 35.7652 19.6256 35.6233L18.4773 36.7738C18.9702 37.2667 19.5845 37.4672 20.2648 37.5592C20.9213 37.6481 21.7511 37.6459 22.75 37.6459V36.0209ZM17.6041 32.5001C17.6041 33.4989 17.602 34.3287 17.6908 34.9852C17.7818 35.6656 17.9833 36.2798 18.4762 36.7727L19.6256 35.6244C19.4848 35.4836 19.3689 35.2691 19.3006 34.7686C19.2313 34.2464 19.2291 33.5444 19.2291 32.5001H17.6041ZM32.7708 32.5001C32.7708 33.5444 32.7686 34.2464 32.6982 34.7697C32.631 35.2691 32.5151 35.4836 32.3732 35.6244L33.5237 36.7727C34.0166 36.2798 34.217 35.6656 34.3091 34.9852C34.398 34.3287 34.3958 33.4989 34.3958 32.5001H32.7708ZM29.25 37.6459C30.2488 37.6459 31.0786 37.6481 31.7351 37.5592C32.4155 37.4682 33.0308 37.2667 33.5237 36.7727L32.3743 35.6244C32.2335 35.7652 32.019 35.8812 31.5185 35.9494C30.9963 36.0187 30.2943 36.0209 29.25 36.0209V37.6459ZM20.5833 19.2292C20.8151 19.2292 21.0415 19.2466 21.2636 19.2791L21.5009 17.6714C21.1971 17.6266 20.8904 17.6042 20.5833 17.6042V19.2292ZM26 14.3542C24.8113 14.3542 23.6525 14.7265 22.6862 15.4188C21.72 16.1111 20.9948 17.0886 20.6125 18.2142L22.1509 18.7363C22.4241 17.9323 22.9422 17.234 23.6325 16.7395C24.3229 16.245 25.1508 15.9791 26 15.9792V14.3542ZM20.6125 18.2142C20.4132 18.8028 20.3119 19.4202 20.3125 20.0417H21.9375C21.9375 19.5835 22.0133 19.1447 22.152 18.7363L20.6125 18.2142ZM31.4166 17.6042C31.1057 17.6042 30.7991 17.627 30.499 17.6714L30.7374 19.2791C30.9623 19.2459 31.1893 19.2292 31.4166 19.2292V17.6042ZM26 15.9792C26.849 15.9794 27.6766 16.2453 28.3667 16.7398C29.0569 17.2343 29.5748 17.9325 29.848 18.7363L31.3863 18.2142C31.0041 17.0888 30.2791 16.1114 29.313 15.4191C28.347 14.7269 27.1884 14.3545 26 14.3542V15.9792ZM29.848 18.7363C29.9866 19.1447 30.0625 19.5835 30.0625 20.0417H31.6875C31.6875 19.4037 31.5813 18.7894 31.3863 18.2142L29.849 18.7363H29.848ZM19.2291 32.5001V28.7994H17.6041V32.5001H19.2291ZM18.7416 28.0552C17.9203 27.6966 17.2215 27.1061 16.7308 26.3562C16.2401 25.6064 15.9789 24.7296 15.9791 23.8334H14.3541C14.354 25.0456 14.7076 26.2315 15.3715 27.2458C16.0353 28.2601 16.9807 29.0587 18.0916 29.5437L18.7416 28.0552ZM32.7708 28.7994V32.5001H34.3958V28.7994H32.7708ZM36.0208 23.8334C36.021 24.7296 35.7598 25.6064 35.2691 26.3562C34.7784 27.1061 34.0796 27.6966 33.2583 28.0552L33.9083 29.5437C35.0192 29.0587 35.9646 28.2601 36.6285 27.2458C37.2923 26.2315 37.6459 25.0456 37.6458 23.8334H36.0208ZM30.0625 20.0417V20.5834H31.6875V20.0417H30.0625ZM20.3125 20.0417V20.5834H21.9375V20.0417H20.3125ZM29.25 36.0209H28.1666V37.6459H29.25V36.0209ZM23.8333 36.0209H22.75V37.6459H23.8333V36.0209Z\" fill=\"#A264A9\"></path>\n          <path d=\"M18.4166 32.5H27.0833M33.5833 32.5H31.4166\" stroke=\"#A264A9\" stroke-width=\"1.5\" stroke-linecap=\"round\" stroke-linejoin=\"round\"></path>\n        </svg>",
            "call-to-text": "Chef- Crafted"
          }
        },
        "275ec260-e12a-4139-b479-ecd40a39d8ce": {
          "type": "block-1",
          "settings": {
            "call-to-icon": "<svg width=\"52\" height=\"52\" viewbox=\"0 0 52 52\" fill=\"none\" xmlns=\"http://www.w3.org/2000/svg\">\n        <circle cx=\"26\" cy=\"26\" r=\"25.1333\" stroke=\"#A264A9\" stroke-width=\"1.73333\"></circle>\n        <path d=\"M15.1666 34.6667C15.4127 35.0095 15.7386 35.2873 16.1161 35.4761C16.4936 35.6648 16.9113 35.7588 17.3333 35.75C17.7552 35.7588 18.173 35.6648 18.5505 35.4761C18.928 35.2873 19.2539 35.0095 19.5 34.6667C19.7461 34.3238 20.0719 34.046 20.4494 33.8573C20.8269 33.6685 21.2447 33.5745 21.6666 33.5833C22.0886 33.5745 22.5063 33.6685 22.8838 33.8573C23.2613 34.046 23.5872 34.3238 23.8333 34.6667C24.0794 35.0095 24.4053 35.2873 24.7828 35.4761C25.1602 35.6648 25.578 35.7588 26 35.75C26.4219 35.7588 26.8397 35.6648 27.2172 35.4761C27.5947 35.2873 27.9205 35.0095 28.1666 34.6667C28.4127 34.3238 28.7386 34.046 29.1161 33.8573C29.4936 33.6685 29.9113 33.5745 30.3333 33.5833C30.7552 33.5745 31.173 33.6685 31.5505 33.8573C31.928 34.046 32.2539 34.3238 32.5 34.6667C32.7461 35.0095 33.0719 35.2873 33.4494 35.4761C33.8269 35.6648 34.2447 35.7588 34.6666 35.75C35.0886 35.7588 35.5063 35.6648 35.8838 35.4761C36.2613 35.2873 36.5872 35.0095 36.8333 34.6667M17.3333 32.5L16.25 27.0833H35.75L33.5833 31.4167M18.4166 27.0833V20.5833H27.0833L31.4166 27.0833M20.5833 20.5833V16.25H19.5\" stroke=\"#A264A9\" stroke-width=\"2\" stroke-linecap=\"round\" stroke-linejoin=\"round\"></path>\n      </svg>",
            "call-to-text": "Ship Nationwide"
          }
        },
        "6fec3930-886a-4318-a2b9-f3444b1a42a0": {
          "type": "block-1",
          "settings": {
            "call-to-icon": "<svg width=\"52\" height=\"52\" viewbox=\"0 0 52 52\" fill=\"none\" xmlns=\"http://www.w3.org/2000/svg\">\n        <circle cx=\"26\" cy=\"26\" r=\"25.1333\" stroke=\"#A264A9\" stroke-width=\"1.73333\"></circle>\n        <path d=\"M14 18V19.4436H27.7145V30.2709H23.271C22.9491 29.0301 21.8332 28.1055 20.4964 28.1055C19.1596 28.1055 18.0436 29.0301 17.7217 30.2709H16.8873V26.6618H15.4436V31.7145H17.7217C18.0436 32.9554 19.1596 33.88 20.4964 33.88C21.8332 33.88 22.9491 32.9554 23.271 31.7145H29.2708C29.5927 32.9554 30.7086 33.88 32.0455 33.88C33.3823 33.88 34.4982 32.9554 34.8201 31.7145H37.0982V25.8274L37.0527 25.7141L35.6091 21.3832L35.4524 20.8873H29.1582V18H14ZM14.7218 20.8873V22.3309H21.2182V20.8873H14.7218ZM29.1582 22.3309H34.4137L35.6545 26.0302V30.2709H34.8201C34.4982 29.0301 33.3823 28.1055 32.0455 28.1055C30.7086 28.1055 29.5927 29.0301 29.2708 30.2709H29.1582V22.3309ZM15.4436 23.7745V25.2182H19.7745V23.7745H15.4436ZM20.4964 29.5491C21.3026 29.5491 21.94 30.1865 21.94 30.9927C21.94 31.799 21.3026 32.4364 20.4964 32.4364C19.6901 32.4364 19.0527 31.799 19.0527 30.9927C19.0527 30.1865 19.6901 29.5491 20.4964 29.5491ZM32.0455 29.5491C32.8517 29.5491 33.4891 30.1865 33.4891 30.9927C33.4891 31.799 32.8517 32.4364 32.0455 32.4364C31.2392 32.4364 30.6018 31.799 30.6018 30.9927C30.6018 30.1865 31.2392 29.5491 32.0455 29.5491Z\" fill=\"#A264A9\"></path>\n      </svg>",
            "call-to-text": "Free Shipping on Orders $99"
          }
        },
        "61408c3a-48ef-444a-9a42-622340fff50a": {
          "type": "block-1",
          "settings": {
            "call-to-icon": "<svg width=\"52\" height=\"52\" viewbox=\"0 0 52 52\" fill=\"none\" xmlns=\"http://www.w3.org/2000/svg\">\n        <circle cx=\"26\" cy=\"26\" r=\"25.1333\" stroke=\"#A264A9\" stroke-width=\"1.73333\"></circle>\n        <path d=\"M21.6667 32.3376C21.6667 33.6267 20.7026 34.6667 19.5001 34.6667C18.2976 34.6667 17.3334 33.6267 17.3334 32.3376C17.3334 30.7884 19.5001 28.1667 19.5001 28.1667C19.5001 28.1667 21.6667 30.7884 21.6667 32.3376ZM30.8317 26.0001V24.4401L32.9984 23.2159L35.5226 23.8876L36.0859 21.7967L34.1684 21.2876L34.6667 19.3701L32.5759 18.8067L31.9042 21.3309L29.7376 22.5551L27.0834 20.9951V18.5467L28.9359 16.6942L27.3976 15.1667L26.0001 16.5642L24.6026 15.1667L23.0642 16.6942L24.9167 18.5467V20.9951L22.2084 22.5551L20.0417 21.3309L19.4134 18.8067L17.3334 19.3701L17.8426 21.2876L15.9251 21.7967L16.4884 23.8876L19.0126 23.2159L21.1792 24.4401V26.0001H15.1667V27.0834H36.8334V26.0001H30.8317ZM23.2917 26.0001V24.4401L26.0001 22.8692L28.7084 24.4401V26.0001H23.2917ZM34.6667 32.3376C34.6667 33.6267 33.7026 34.6667 32.5001 34.6667C31.2976 34.6667 30.3334 33.6267 30.3334 32.3376C30.3334 30.7884 32.5001 28.1667 32.5001 28.1667C32.5001 28.1667 34.6667 30.7884 34.6667 32.3376ZM28.1667 35.5876C28.1667 36.8767 27.2026 37.9167 26.0001 37.9167C24.7976 37.9167 23.8334 36.8767 23.8334 35.5876C23.8334 34.0384 26.0001 31.4167 26.0001 31.4167C26.0001 31.4167 28.1667 34.0384 28.1667 35.5876Z\" fill=\"#A264A9\"></path>\n      </svg>",
            "call-to-text": "Melt Free Gurantee"
          }
        },
        "72101a69-4102-4710-94df-35d1d0e58f71": {
          "type": "block-1",
          "settings": {
            "call-to-icon": "<svg width=\"52\" height=\"52\" viewbox=\"0 0 52 52\" fill=\"none\" xmlns=\"http://www.w3.org/2000/svg\">\n        <circle cx=\"26\" cy=\"26\" r=\"25.1333\" stroke=\"#A264A9\" stroke-width=\"1.73333\"></circle>\n        <path d=\"M26.9414 15.5574L29.7722 21.2723C29.8366 21.4173 29.9379 21.543 30.0659 21.6367C30.194 21.7304 30.3444 21.7889 30.5021 21.8064L36.7512 22.7322C36.9321 22.7554 37.1027 22.8297 37.243 22.9463C37.3833 23.0629 37.4876 23.217 37.5436 23.3906C37.5996 23.5642 37.605 23.7502 37.5593 23.9268C37.5136 24.1034 37.4185 24.2633 37.2853 24.3879L32.781 28.8566C32.666 28.964 32.5798 29.0984 32.53 29.2477C32.4803 29.3969 32.4686 29.5562 32.4961 29.7111L33.5822 35.9958C33.6136 36.1764 33.5937 36.3621 33.5248 36.532C33.4559 36.7018 33.3406 36.8489 33.1922 36.9565C33.0438 37.0641 32.8682 37.1279 32.6853 37.1406C32.5025 37.1533 32.3197 37.1144 32.1579 37.0284L26.532 34.0552C26.3879 33.9845 26.2296 33.9477 26.0691 33.9477C25.9086 33.9477 25.7502 33.9845 25.6062 34.0552L19.9803 37.0284C19.8184 37.1144 19.6357 37.1533 19.4528 37.1406C19.2699 37.1279 19.0943 37.0641 18.9459 36.9565C18.7975 36.8489 18.6823 36.7018 18.6134 36.532C18.5444 36.3621 18.5246 36.1764 18.556 35.9958L19.642 29.6399C19.6695 29.485 19.6579 29.3257 19.6081 29.1765C19.5584 29.0272 19.4721 28.8928 19.3572 28.7854L14.7995 24.3879C14.6646 24.2599 14.5698 24.0955 14.5265 23.9147C14.4831 23.7339 14.4932 23.5444 14.5553 23.3692C14.6175 23.194 14.7292 23.0405 14.8768 22.9275C15.0244 22.8144 15.2016 22.7466 15.387 22.7322L21.636 21.8064C21.7937 21.7889 21.9441 21.7304 22.0722 21.6367C22.2003 21.543 22.3016 21.4173 22.3659 21.2723L25.1967 15.5574C25.2738 15.3909 25.3969 15.25 25.5515 15.1512C25.706 15.0525 25.8856 15 26.0691 15C26.2525 15 26.4321 15.0525 26.5867 15.1512C26.7413 15.25 26.8644 15.3909 26.9414 15.5574Z\" stroke=\"#A264A9\" stroke-width=\"1.5\" stroke-linecap=\"round\" stroke-linejoin=\"round\"></path>\n      </svg>",
            "call-to-text": "1000+ 5-Star Reviews"
          }
        }
      },
      "block_order": [
        "7358001c-4d97-4f2d-96b2-21700668bba9",
        "90820b1f-7f43-4d8c-892d-d18ff8dd19db",
        "275ec260-e12a-4139-b479-ecd40a39d8ce",
        "6fec3930-886a-4318-a2b9-f3444b1a42a0",
        "61408c3a-48ef-444a-9a42-622340fff50a",
        "72101a69-4102-4710-94df-35d1d0e58f71"
      ],
      "disabled": true,
      "settings": {
        "service--background-color": "#feeee6"
      }
    },
    "1693810435fee7d851": {
      "type": "apps",
      "blocks": {
        "9921606f-0433-483f-a865-c72aca12fcda": {
          "type": "shopify://apps/yotpo-product-photo-reviews/blocks/reviews/eb7dfd7d-db44-4334-bc49-c893b51b36cf",
          "settings": {
            "product": "{{product}}"
          }
        }
      },
      "block_order": [
        "9921606f-0433-483f-a865-c72aca12fcda"
      ],
      "settings": {
        "include_margins": true
      }
    },
    "product-recommendations": {
      "type": "template--product--recommendations",
      "disabled": true,
      "settings": {
        "show_product_recommendations": true,
        "product_recommendations_heading": "You may also like"
      }
    },
    "da69d8ec-ff37-4746-88bf-28e8dff7ea74": {
      "type": "image--gallery",
      "blocks": {
        "template--15166722441331__da69d8ec-ff37-4746-88bf-28e8dff7ea74-image-2": {
          "type": "image",
          "settings": {
            "image": "shopify://shop_images/1.png",
            "link": "",
            "title": "",
            "description": ""
          }
        },
        "template--15166722441331__da69d8ec-ff37-4746-88bf-28e8dff7ea74-image-3": {
          "type": "image",
          "settings": {
            "image": "shopify://shop_images/2.png",
            "link": "",
            "title": "",
            "description": ""
          }
        },
        "c84fe109-e88f-4ae5-862f-9c00c5e2bd1c": {
          "type": "image",
          "settings": {
            "image": "shopify://shop_images/3.png",
            "link": "",
            "title": "",
            "description": ""
          }
        },
        "121ea89f-52d3-4b42-b77f-7396d82541ab": {
          "type": "image",
          "settings": {
            "image": "shopify://shop_images/4.png",
            "link": "",
            "title": "",
            "description": ""
          }
        },
        "7e311206-6622-48ad-b609-c41c94d25b25": {
          "type": "image",
          "settings": {
            "image": "shopify://shop_images/6.png",
            "link": "",
            "title": "",
            "description": ""
          }
        },
        "88f05d4f-bbd9-4cd3-a9cc-ca89a7d097be": {
          "type": "image",
          "settings": {
            "image": "shopify://shop_images/7.png",
            "link": "",
            "title": "",
            "description": ""
          }
        },
        "8cb6d735-3033-41f4-a5cf-c8cedc963487": {
          "type": "image",
          "settings": {
            "image": "shopify://shop_images/8.png",
            "link": "",
            "title": "",
            "description": ""
          }
        },
        "d18ccce5-89f5-44fd-9b31-9e9be2eaecff": {
          "type": "image",
          "settings": {
            "image": "shopify://shop_images/9.png",
            "link": "",
            "title": "",
            "description": ""
          }
        },
        "e1bec173-f25c-4a09-aea9-9d186dd0f847": {
          "type": "image",
          "settings": {
            "image": "shopify://shop_images/1F93D4C8-629C-4F72-BCB1-89B54943D5DC.jpg",
            "link": "",
            "title": "",
            "description": ""
          }
        },
        "0ae40009-2968-483c-a8c0-8a96c3712894": {
          "type": "image",
          "settings": {
            "image": "shopify://shop_images/pretzels.jpg",
            "link": "",
            "title": "",
            "description": ""
          }
        },
        "e66430ae-faea-449e-b9e3-06a393eb531a": {
          "type": "image",
          "settings": {
            "image": "shopify://shop_images/pumpkin_bread_1.jpg",
            "link": "",
            "title": "",
            "description": ""
          }
        },
        "ede69ff0-4fad-487c-bcf1-a6fd52c4074c": {
          "type": "image",
          "settings": {
            "image": "shopify://shop_images/PastryProject-Kits-May2023-2412_8679a75e-0d9f-4494-bcce-e2d74d311313.jpg",
            "link": "",
            "title": "",
            "description": ""
          }
        }
      },
      "block_order": [
        "template--15166722441331__da69d8ec-ff37-4746-88bf-28e8dff7ea74-image-2",
        "template--15166722441331__da69d8ec-ff37-4746-88bf-28e8dff7ea74-image-3",
        "c84fe109-e88f-4ae5-862f-9c00c5e2bd1c",
        "121ea89f-52d3-4b42-b77f-7396d82541ab",
        "7e311206-6622-48ad-b609-c41c94d25b25",
        "88f05d4f-bbd9-4cd3-a9cc-ca89a7d097be",
        "8cb6d735-3033-41f4-a5cf-c8cedc963487",
        "d18ccce5-89f5-44fd-9b31-9e9be2eaecff",
        "e1bec173-f25c-4a09-aea9-9d186dd0f847",
        "0ae40009-2968-483c-a8c0-8a96c3712894",
        "e66430ae-faea-449e-b9e3-06a393eb531a",
        "ede69ff0-4fad-487c-bcf1-a6fd52c4074c"
      ],
      "settings": {
      }
    },
    "7633a3ee-d4a8-44d4-b7e3-9bf94cf2bbbb": {
      "type": "testimonials--home",
      "blocks": {
        "b15c7b7e-f6f9-42ae-8ea4-ea9bfec83d9e": {
          "type": "textarea",
          "settings": {
            "testimonial_quotes": "<svg width=\"50\" height=\"36\" viewbox=\"0 0 50 36\" fill=\"none\" xmlns=\"http://www.w3.org/2000/svg\">\n<path d=\"M36.9761 12.6309C38.8862 12.921 40.7238 12.9935 42.4162 13.5255C45.4385 14.4442 47.4211 16.5477 48.896 19.4008C51.2655 23.9946 49.5972 29.8699 46.0188 32.7471C42.658 35.4551 38.862 36.1563 34.8243 34.6572C30.6898 33.0856 28.2478 30.015 27.6434 25.5904C26.6762 18.6271 29.1666 12.8001 33.7604 7.72269C36.2992 4.91802 39.3214 2.71781 42.5855 0.856086C43.2867 0.469234 43.9878 0.299987 44.5197 1.00116C45.1 1.75068 44.7615 2.40349 44.1329 3.00794C41.4491 5.54665 39.0796 8.30297 37.4113 11.6396C37.2421 11.9781 37.097 12.3407 36.9761 12.6309Z\" fill=\"#CF6A28\"></path>\n<path d=\"M9.5097 12.6066C11.5407 12.9693 13.5233 13.0419 15.2883 13.6705C20.1481 15.363 23.0495 20.2228 22.5176 25.3727C22.0098 30.2809 18.093 34.4637 13.1606 35.2858C6.70503 36.3738 0.587944 31.5865 0.0802011 25.131C-0.596787 16.596 3.05412 10.0438 9.43717 4.7729C11.1538 3.34639 13.1364 2.21002 14.9982 0.928573C15.6993 0.469188 16.4488 0.227405 17.0533 1.00111C17.6819 1.79899 17.2709 2.47598 16.6181 3.10461C14.1761 5.40154 12.0001 7.94025 10.3801 10.89C10.0174 11.4461 9.75148 12.0747 9.5097 12.6066Z\" fill=\"#CF6A28\"></path>\n</svg>",
            "testimonial-text": "<p>Show off incredible feedback from your customers</p>",
            "testimonial-author": "John Doe",
            "link": ""
          }
        },
        "4164e077-18f0-44d0-bd06-592a479ac17a": {
          "type": "textarea",
          "settings": {
            "testimonial_quotes": "<svg width=\"50\" height=\"36\" viewbox=\"0 0 50 36\" fill=\"none\" xmlns=\"http://www.w3.org/2000/svg\">\n<path d=\"M36.9761 12.6309C38.8862 12.921 40.7238 12.9935 42.4162 13.5255C45.4385 14.4442 47.4211 16.5477 48.896 19.4008C51.2655 23.9946 49.5972 29.8699 46.0188 32.7471C42.658 35.4551 38.862 36.1563 34.8243 34.6572C30.6898 33.0856 28.2478 30.015 27.6434 25.5904C26.6762 18.6271 29.1666 12.8001 33.7604 7.72269C36.2992 4.91802 39.3214 2.71781 42.5855 0.856086C43.2867 0.469234 43.9878 0.299987 44.5197 1.00116C45.1 1.75068 44.7615 2.40349 44.1329 3.00794C41.4491 5.54665 39.0796 8.30297 37.4113 11.6396C37.2421 11.9781 37.097 12.3407 36.9761 12.6309Z\" fill=\"#CF6A28\"></path>\n<path d=\"M9.5097 12.6066C11.5407 12.9693 13.5233 13.0419 15.2883 13.6705C20.1481 15.363 23.0495 20.2228 22.5176 25.3727C22.0098 30.2809 18.093 34.4637 13.1606 35.2858C6.70503 36.3738 0.587944 31.5865 0.0802011 25.131C-0.596787 16.596 3.05412 10.0438 9.43717 4.7729C11.1538 3.34639 13.1364 2.21002 14.9982 0.928573C15.6993 0.469188 16.4488 0.227405 17.0533 1.00111C17.6819 1.79899 17.2709 2.47598 16.6181 3.10461C14.1761 5.40154 12.0001 7.94025 10.3801 10.89C10.0174 11.4461 9.75148 12.0747 9.5097 12.6066Z\" fill=\"#CF6A28\"></path>\n</svg>",
            "testimonial-text": "<p>Show off incredible feedback from your customers</p>",
            "testimonial-author": "John Doe",
            "link": ""
          }
        }
      },
      "block_order": [
        "b15c7b7e-f6f9-42ae-8ea4-ea9bfec83d9e",
        "4164e077-18f0-44d0-bd06-592a479ac17a"
      ],
      "disabled": true,
      "settings": {
        "testimonial_padding": 16,
        "testimonial--background-color": "#0195be",
        "testimonial_heading": "",
        "testimonial_subheading": "What Our Customers Say",
        "link": "shopify://pages/reviews",
        "linktext": "View All",
        "button--background-color": "#2d2d2d",
        "testimonial--background-text-color": "#2d2d2d"
      }
    }
  },
  "order": [
    "55edaef3-a274-4b99-bd5f-0787650a8a2d",
    "main",
    "c52248ff-f456-4d38-86a6-1755c49afbdd",
    "1693810435fee7d851",
    "product-recommendations",
    "da69d8ec-ff37-4746-88bf-28e8dff7ea74",
    "7633a3ee-d4a8-44d4-b7e3-9bf94cf2bbbb"
  ]
}