{
  "sections": {
    "cart-items": {
      "type": "main-cart-items",
      "settings": {
        "color_scheme": "scheme-1",
        "padding_top": 36,
        "padding_bottom": 36
      }
    },
    "cart-footer": {
      "type": "main-cart-footer",
      "blocks": {
        "subtotal": {
          "type": "subtotal",
          "settings": {
          }
        },
        "buttons": {
          "type": "buttons",
          "settings": {
          }
        }
      },
      "block_order": [
        "subtotal",
        "buttons"
      ],
      "settings": {
        "color_scheme": "scheme-1",
        "padding_top": 20,
        "padding_bottom": 40
      }
    },
    "rich_text_9FaBDf": {
      "type": "rich-text",
      "blocks": {
        "heading_tprTR9": {
          "type": "heading",
          "settings": {
            "heading": "One Of A Kind Collectable",
            "heading_size": "h1"
          }
        },
        "text_kPU94P": {
          "type": "text",
          "settings": {
            "text": "<p>Share information about your brand with your customers. Describe a product, make announcements, or welcome customers to your store.<\/p>"
          }
        },
        "button_mLKCEC": {
          "type": "button",
          "disabled": true,
          "settings": {
            "button_label": "Button label",
            "button_link": "",
            "button_style_secondary": false,
            "button_label_2": "",
            "button_link_2": "",
            "button_style_secondary_2": false
          }
        }
      },
      "block_order": [
        "heading_tprTR9",
        "text_kPU94P",
        "button_mLKCEC"
      ],
      "settings": {
        "desktop_content_position": "center",
        "content_alignment": "center",
        "color_scheme": "",
        "full_width": true,
        "padding_top": 40,
        "padding_bottom": 52
      }
    }
  },
  "order": [
    "cart-items",
    "cart-footer",
    "rich_text_9FaBDf"
  ]
}
