{
  "sections": {
    "main": {
      "type": "main-page",
      "disabled": true,
      "settings": {
        "padding_top": 28,
        "padding_bottom": 28
      }
    },
    "heading_banner_section_jYDb6f": {
      "type": "heading-banner-section",
      "settings": {
        "bg_image": "shopify:\/\/shop_images\/Group_7_2.png",
        "heading": "<p>About Us<\/p>"
      }
    },
    "image_slider_text_blurb_NA9n8Y": {
      "type": "image-slider-text-blurb",
      "blocks": {
        "slide_6ULmPX": {
          "type": "slide",
          "settings": {
            "slide_heading": "new arrivals"
          }
        },
        "slide_pcfKgY": {
          "type": "slide",
          "settings": {
            "slide_heading": "new arrivals"
          }
        },
        "slide_gjMgJa": {
          "type": "slide",
          "settings": {
            "slide_heading": "new arrivals"
          }
        },
        "slide_MyBWib": {
          "type": "slide",
          "settings": {
            "slide_heading": "new arrivals"
          }
        },
        "slide_7REJUH": {
          "type": "slide",
          "settings": {
            "slide_heading": "new arrivals"
          }
        },
        "slide_mfbdr4": {
          "type": "slide",
          "settings": {
            "slide_heading": "new arrivals"
          }
        }
      },
      "block_order": [
        "slide_6ULmPX",
        "slide_pcfKgY",
        "slide_gjMgJa",
        "slide_MyBWib",
        "slide_7REJUH",
        "slide_mfbdr4"
      ],
      "settings": {
        "reverse": false,
        "collection": "vintage-collection",
        "heading": "A Unique Watch That Fits Your Style",
        "description": "<p>The new Lawson collection is already here! This quartz Lawson Franklin 38 model, designed with simplicity and elegance, is truly a cherry on the cake. Comes in different sizes and band colors, has a stainless steel back for a personalized engraving.<\/p>",
        "button_label": "Learn More",
        "button_link": ""
      }
    },
    "image_slider_text_blurb_NA9n8Z": {
      "type": "image-slider-text-blurb",
      "blocks": {
        "slide_6ULmPX": {
          "type": "slide",
          "settings": {
            "slide_heading": "new arrivals"
          }
        },
        "slide_pcfKgY": {
          "type": "slide",
          "settings": {
            "slide_heading": "new arrivals"
          }
        },
        "slide_gjMgJa": {
          "type": "slide",
          "settings": {
            "slide_heading": "new arrivals"
          }
        },
        "slide_MyBWib": {
          "type": "slide",
          "settings": {
            "slide_heading": "new arrivals"
          }
        },
        "slide_7REJUH": {
          "type": "slide",
          "settings": {
            "slide_heading": "new arrivals"
          }
        },
        "slide_mfbdr4": {
          "type": "slide",
          "settings": {
            "slide_heading": "new arrivals"
          }
        }
      },
      "block_order": [
        "slide_6ULmPX",
        "slide_pcfKgY",
        "slide_gjMgJa",
        "slide_MyBWib",
        "slide_7REJUH",
        "slide_mfbdr4"
      ],
      "settings": {
        "reverse": true,
        "collection": "vintage-collection",
        "heading": "A Unique Watch That Fits Your Style",
        "description": "<p>The new Lawson collection is already here! This quartz Lawson Franklin 38 model, designed with simplicity and elegance, is truly a cherry on the cake. Comes in different sizes and band colors, has a stainless steel back for a personalized engraving.<\/p>",
        "button_label": "Learn More",
        "button_link": ""
      }
    },
    "featured_collection_reverse": {
      "type": "featured-collection",
      "settings": {
        "title": "New Arrivals",
        "heading_size": "h2",
        "description": "",
        "show_description": false,
        "description_style": "body",
        "collection": "free-product-collection",
        "products_to_show": 4,
        "columns_desktop": 4,
        "full_width": false,
        "show_view_all": true,
        "view_all_style": "solid",
        "enable_desktop_slider": false,
        "color_scheme": "scheme-5",
        "image_ratio": "adapt",
        "image_shape": "default",
        "show_secondary_image": true,
        "show_vendor": false,
        "show_rating": false,
        "quick_add": "none",
        "columns_mobile": "2",
        "swipe_on_mobile": false,
        "padding_top": 44,
        "padding_bottom": 36
      }
    }
  },
  "order": [
    "main",
    "heading_banner_section_jYDb6f",
    "image_slider_text_blurb_NA9n8Y",
    "image_slider_text_blurb_NA9n8Z",
    "featured_collection_reverse"
  ]
}
